AC-APP-PRO-WARR-EXTEND-2YR,2 Year Extended Warranty for Access Control Manager Professional Appliance,Accessories,2 Year Extended Warranty for Access Control Manager Professional Appliance,618.84,115,http://avoweb1.s3-us-west-2.amazonaws.com/Prod/ACM/ACM_Professional-Server_Side-Angle_v3.jpg
UA-APP-PRO-WARR-EXTEND-1YR,1 Year Extended Warranty for UA Professional Appliance,Accessories,1 Year Extended Warranty for UA Professional Appliance,309.42,160,http://avoweb1.s3-us-west-2.amazonaws.com/Prod/ACM/ACM_Professional-Server_Side-Angle_v3.jpg
UA-APP-PRO-WARR-EXTEND-2YR,2 Year Extended Warranty for UA Professional Appliance,Accessories,2 Year Extended Warranty for UA Professional Appliance,618.84,141,http://avoweb1.s3-us-west-2.amazonaws.com/Prod/ACM/ACM_Professional-Server_Side-Angle_v3.jpg
AC-SW-128R-VM-6-P,Access Control Manager 6 Virtual Machine License (per 128 readers),Accessories,Access Control Manager 6 Virtual Machine Software License (per 128 Readers)(per appliance),5456.12,87,http://avoweb1.s3-us-west-2.amazonaws.com/Prod/VS/eCommerce-Site_Generic-Image_Access-Control-Hardware-and-Accessories_070720.jpg
AC-SW-2048R-VM-6-P,Access Control Manager 6 Virtual Machine License (per 2048 readers),Accessories,Access Control Manager 6 Virtual Machine Software License (per 2048 Readers)(per appliance),87302.26,104,http://avoweb1.s3-us-west-2.amazonaws.com/Prod/VS/eCommerce-Site_Generic-Image_Access-Control-Hardware-and-Accessories_070720.jpg
AC-SW-256R-VM-6-P,Access Control Manager 6 Virtual Machine License (per 256 readers),Accessories,Access Control Manager 6 Virtual Machine Software License (per 256 Readers)(per appliance),10910.97,117,http://avoweb1.s3-us-west-2.amazonaws.com/Prod/VS/eCommerce-Site_Generic-Image_Access-Control-Hardware-and-Accessories_070720.jpg
AC-SW-512R-VM-6-P,Access Control Manager 6 Virtual Machine License (per 512 readers),Accessories,Access Control Manager 6 Virtual Machine Software License (per 512 Readers)(per appliance),21822.48,155,http://avoweb1.s3-us-west-2.amazonaws.com/Prod/VS/eCommerce-Site_Generic-Image_Access-Control-Hardware-and-Accessories_070720.jpg
UA-SW-LIC-APP-VIRTUAL-HYPERV,UA7 Virtual HyperV base pack,Accessories,UA7 Virtual HyperV base pack (includes 20 doors),4800,104,https://avoweb1.s3-us-west-2.amazonaws.com/Prod/VS/eCommerce-Site_Generic-Image_Access-Control-Hardware-and-Accessories_070720.jpg
UA-SW-LIC-APP-VIRTUAL-VMWARE,UA7 Virtual VMWare base pack,Accessories,UA7 Virtual VMWare base pack (includes 20 doors),4800,159,https://avoweb1.s3-us-west-2.amazonaws.com/Prod/VS/eCommerce-Site_Generic-Image_Access-Control-Hardware-and-Accessories_070720.jpg
AC-MER-A-RES-1K32,Mercury Resistor 1K 32 pack,Accessories,Mercury Resistor 1K 32 pack,40.16,157,https://avoweb1.s3-us-west-2.amazonaws.com/Prod/VS/eCommerce-Site_Generic-Image_Access-Control-Hardware-and-Accessories_070720.jpg
AC-MER-A-TC-MR50,Mercury Terminal Cover MR50,Accessories,Mercury Terminal Cover MR50,15.65,152,https://avoweb1.s3-us-west-2.amazonaws.com/Prod/VS/eCommerce-Site_Generic-Image_Access-Control-Hardware-and-Accessories_070720.jpg
AC-MER-A-TERM5-3,Mercury Terminal Cover 3 position 5 pack,Accessories,Mercury Terminal Cover 3 position 5 pack,18.42,79,https://avoweb1.s3-us-west-2.amazonaws.com/Prod/VS/eCommerce-Site_Generic-Image_Access-Control-Hardware-and-Accessories_070720.jpg
AC-MER-A-TERM5-4,Mercury Terminal Cover 4 position 5 pack,Accessories,Mercury Terminal Cover 4 position 5 pack,18.42,147,https://avoweb1.s3-us-west-2.amazonaws.com/Prod/VS/eCommerce-Site_Generic-Image_Access-Control-Hardware-and-Accessories_070720.jpg
AC-MER-A-TERM5-5,Mercury Terminal Cover 5 position 5 pack,Accessories,Mercury Terminal Cover 5 position 5 pack,18.42,151,https://avoweb1.s3-us-west-2.amazonaws.com/Prod/VS/eCommerce-Site_Generic-Image_Access-Control-Hardware-and-Accessories_070720.jpg
AC-MER-A-TERM5-6,Mercury Terminal Cover 6 position 5 pack,Accessories,Mercury Terminal Cover 6 position 5 pack,18.42,91,https://avoweb1.s3-us-west-2.amazonaws.com/Prod/VS/eCommerce-Site_Generic-Image_Access-Control-Hardware-and-Accessories_070720.jpg
AC-MER-CON-MR16IN,Mercury Input Control Module MR16IN,Accessories,Input Control Module (16 Inputs) Series 3 (Available only in the USA and Canada),456.66,138,http://avoweb1.s3-us-west-2.amazonaws.com/Prod/ACM/EP1502-top-flat-7in_08212020.jpg
AC-MER-CON-MR16OUT,Mercury Output Control Module MR16OUT,Accessories,Output Control Module (16 Relays) Series 3 (Available only in the USA and Canada),522.68,163,http://avoweb1.s3-us-west-2.amazonaws.com/Prod/ACM/EP1502-top-flat-7in_08212020.jpg
AC-MER-CON-MR50,Mercury Reader Interface Module MR50,Accessories,Reader Interface Module (1 Reader; 2 Inputs; 2 Outputs) Series 3 (Available only in the USA and Canada),318.52,101,http://avoweb1.s3-us-west-2.amazonaws.com/Prod/ACM/EP1502-top-flat-7in_08212020.jpg
AC-MER-CON-MR52-S3B,Mercury Reader Interface Module MR52,Accessories,Reader Interface Module (2 Readers; 8 Inputs; 6 Outputs) Series 3 (Available only in the USA and Canada),522.68,90,http://avoweb1.s3-us-west-2.amazonaws.com/Prod/ACM/EP1502-top-flat-7in_08212020.jpg
AC-MER-CONT-MP1501,Mercury Intelligent Controller MP1501,Accessories,Intelligent Controller (2 Readers; 17 Identities/Events; PoE/PoE+; expandable up to 17 readers),1020.16,129,http://avoweb1.s3-us-west-2.amazonaws.com/Prod/ACM/EP1502-top-flat-7in_08212020.jpg
AC-MER-CONT-MP1502,Mercury Intelligent Controller MP1502,Accessories,Intelligent Controller (2 Readers; 8 Inputs; 4 Outputs; expandable up to 64 readers) (Available only in the USA and Canada),1483.58,118,http://avoweb1.s3-us-west-2.amazonaws.com/Prod/ACM/EP1502-top-flat-7in_08212020.jpg
AC-MER-CONT-MP2500,Mercury Intelligent Controller MP2500,Accessories,Intelligent Controller (No on-board readers; expandable up to 64 readers),1653.6,104,http://avoweb1.s3-us-west-2.amazonaws.com/Prod/ACM/EP1502-top-flat-7in_08212020.jpg
AC-MER-CONT-MP4502,Mercury Intelligent Controller MP4502,Accessories,Intelligent Controller (2 Readers; 8 Inputs; 4 Outputs; expandable up to 64 readers; cryptography; high-security),2418.08,151,http://avoweb1.s3-us-west-2.amazonaws.com/Prod/ACM/EP1502-top-flat-7in_08212020.jpg
AC-MER-MUX8,Mercury RS485 Multiplexer MUX8,Accessories,RS485 Multiplexer (1 to 8 RS-485 expansion) (Available only in the USA and Canada),362.48,158,http://avoweb1.s3-us-west-2.amazonaws.com/Prod/ACM/EP1502-top-flat-7in_08212020.jpg
AC-ALL-SCH-FOB-9651,Allegion Schlage FOB-9651,Accessories,9651 credentials; PVC; blank; with Schlage logo; custom formatted (Available only in the USA and Canada),9.2,141,http://avoweb1.s3-us-west-2.amazonaws.com/Prod/VS/eCommerce-Site_Generic-Image_Access-Control-Hardware-and-Accessories_070720.jpg
AC-ALL-SCH-FOB-9651T,Allegion Schlage FOB-9651T,Accessories,9651T credentials; key fob; with Schlage logo; custom formatted (Available only in the USA and Canada),12.38,115,http://avoweb1.s3-us-west-2.amazonaws.com/Prod/VS/eCommerce-Site_Generic-Image_Access-Control-Hardware-and-Accessories_070720.jpg
AC-ING-CARD-APTIQ-XF7510,Allegion XF7510 card,Accessories,XF7510 credential card; PVC; blank; ISO compliant; custom formatted (Available only in the USA and Canada),8.73,160,http://avoweb1.s3-us-west-2.amazonaws.com/Prod/VS/eCommerce-Site_Generic-Image_Access-Control-Hardware-and-Accessories_070720.jpg
AC-ING-CARD-APTIQ-XF8740,Allegion XF8740 card,Accessories,XF8740 credential card; PVC; dual technology (MIFARE; proximity); blank; ISO compliant; custom formatted (Available only in the USA and Canada),14.73,141,http://avoweb1.s3-us-west-2.amazonaws.com/Prod/VS/eCommerce-Site_Generic-Image_Access-Control-Hardware-and-Accessories_070720.jpg
AC-ING-CARD-APTIQ-XF9520,Allegion XF9520 card,Accessories,XF9520 credential card; clamshell; proximity; with aptiQ logo; custom formatted (Available only in the USA and Canada),6.3,87,http://avoweb1.s3-us-west-2.amazonaws.com/Prod/VS/eCommerce-Site_Generic-Image_Access-Control-Hardware-and-Accessories_070720.jpg
AC-ING-CARD-APTIQ-XF9551,Allegion XF9551 card,Accessories,XF9551 credential card; PVC; proximity; blank; with aptiQ logo; custom formatted (Available only in the USA and Canada),8.12,104,http://avoweb1.s3-us-west-2.amazonaws.com/Prod/VS/eCommerce-Site_Generic-Image_Access-Control-Hardware-and-Accessories_070720.jpg
AC-ING-CARD-APTIQ-XF9558,Allegion XF9558 card,Accessories,XF9558 credential card; PVC; proximity; blank; ISO compliant; custom formatted (Available only in the USA and Canada),8.12,117,http://avoweb1.s3-us-west-2.amazonaws.com/Prod/VS/eCommerce-Site_Generic-Image_Access-Control-Hardware-and-Accessories_070720.jpg
AC-ING-FOB-APTIQ-XF7610,Allegion XF7610 FOB,Accessories,XF7610 credential key fob; with aptiQ logo; custom formatted (Available only in the USA and Canada),14.42,155,http://avoweb1.s3-us-west-2.amazonaws.com/Prod/VS/eCommerce-Site_Generic-Image_Access-Control-Hardware-and-Accessories_070720.jpg
AC-SCH-CARD-8543,Allegion Schlage 8543,Accessories,Credential 8543 card; ISO thin; printable; custom formatted (Available only in the USA and Canada),9.2,104,http://avoweb1.s3-us-west-2.amazonaws.com/Prod/VS/eCommerce-Site_Generic-Image_Access-Control-Hardware-and-Accessories_070720.jpg
AC-SCH-CARD-8543M1,Allegion Schlage 8543M1,Accessories,Credential 8543M1 card; ISO thin; printable; with magnetic stripe; custom formatted (Available only in the USA and Canada),11.6,159,http://avoweb1.s3-us-west-2.amazonaws.com/Prod/VS/eCommerce-Site_Generic-Image_Access-Control-Hardware-and-Accessories_070720.jpg
AC-SCH-CARD-CE404033,Schlage CE404033 smart credential card,Accessories,Smart credential card; blank PVC; customized formatting; pack of 100,535,157,http://avoweb1.s3-us-west-2.amazonaws.com/Prod/VS/eCommerce-Site_Generic-Image_Access-Control-Hardware-and-Accessories_070720.jpg
AC-SCH-CARD-MT-8943,Allegion Schlage MT-8943,Accessories,Credential MT-8943 card; multi-technology; printable; custom formatted (Available only in the USA and Canada),12.38,152,http://avoweb1.s3-us-west-2.amazonaws.com/Prod/VS/eCommerce-Site_Generic-Image_Access-Control-Hardware-and-Accessories_070720.jpg
AC-SCH-FOB-8643T,Allegion Schlage 8643T FOB,Accessories,Credential 8643T key fob; custom formatted (Available only in the USA and Canada),13.6,79,http://avoweb1.s3-us-west-2.amazonaws.com/Prod/VS/eCommerce-Site_Generic-Image_Access-Control-Hardware-and-Accessories_070720.jpg
AC-SCH-FOB-MT-8843T,Allegion Schlage MT-8843T,Accessories,Credential MT-8843T key fob; multi-technology; custom formatted (Available only in the USA and Canada),18.02,147,http://avoweb1.s3-us-west-2.amazonaws.com/Prod/VS/eCommerce-Site_Generic-Image_Access-Control-Hardware-and-Accessories_070720.jpg
AC-FP-CARD-CONEKT-CSM-2P,Farpointe CSM-2P card,Accessories,Farpointe CSM-2P Conekt mobile credential; programmed; ISO thin printable; pack of 100,600,151,http://avoweb1.s3-us-west-2.amazonaws.com/Prod/ACM/Farpointe-Conekt-Mobile-Credential_08172021.jpg
AC-FP-CARD-CSC-2,Farpointe CSC-2 card,Accessories,Farpointe CSC-2 smartcard; clamshell; slot punch; custom programmed; pack of 100,530,91,http://avoweb1.s3-us-west-2.amazonaws.com/Prod/VS/eCommerce-Site_Generic-Image_Access-Control-Hardware-and-Accessories_070720.jpg
AC-FP-CARD-CSM-2S,Farpointe CSM-2S card,Accessories,Farpointe CSM-2S Conekt mobile credential; programmed; ISO thin printable; with magnetic stripe; pack of 100,720,138,http://avoweb1.s3-us-west-2.amazonaws.com/Prod/ACM/Farpointe-Conekt-Mobile-Credential_08172021.jpg
AC-FP-CARD-DC1-1,Farpointe DC1-1 card,Accessories,Farpointe DC1-1 smartcard; clamshell; custom programmed; pack of 100,530,163,http://avoweb1.s3-us-west-2.amazonaws.com/Prod/VS/eCommerce-Site_Generic-Image_Access-Control-Hardware-and-Accessories_070720.jpg
AC-FP-CARD-DC4-1,Farpointe DC4-1 card,Accessories,Farpointe DC4-1 smartcard; clamshell; slot punch; custom programmed; pack of 100,530,101,http://avoweb1.s3-us-west-2.amazonaws.com/Prod/VS/eCommerce-Site_Generic-Image_Access-Control-Hardware-and-Accessories_070720.jpg
AC-FP-CARD-DE2,Farpointe DE2 card,Accessories,Farpointe DE2 smartcard; custom programmed; ISO thin printable; pack of 100,580,90,http://avoweb1.s3-us-west-2.amazonaws.com/Prod/VS/eCommerce-Site_Generic-Image_Access-Control-Hardware-and-Accessories_070720.jpg
AC-FP-CARD-DM1-3,Farpointe DM1-3 card,Accessories,Farpointe DM1-3 smartcard; custom programmed; ISO thin printable; pack of 100,620,129,http://avoweb1.s3-us-west-2.amazonaws.com/Prod/VS/eCommerce-Site_Generic-Image_Access-Control-Hardware-and-Accessories_070720.jpg
AC-FP-CARD-DM1-3S,Farpointe DM1-3S card,Accessories,Farpointe DM1-3S smartcard; custom programmed; ISO thin printable; with magnetic stripe; pack of 100,720,118,http://avoweb1.s3-us-west-2.amazonaws.com/Prod/VS/eCommerce-Site_Generic-Image_Access-Control-Hardware-and-Accessories_070720.jpg
AC-FP-CARD-DM4-3,Farpointe DM4-3 card,Accessories,Farpointe DM4-3 smartcard; slot punch; custom programmed; ISO thin printable; pack of 100,620,104,http://avoweb1.s3-us-west-2.amazonaws.com/Prod/VS/eCommerce-Site_Generic-Image_Access-Control-Hardware-and-Accessories_070720.jpg
AC-FP-CARD-DM4-3S,Farpointe DM4-3S card,Accessories,Farpointe DM4-3S smartcard; slot punch; custom programmed; ISO thin printable; with magnetic stripe; pack of 100,720,151,http://avoweb1.s3-us-west-2.amazonaws.com/Prod/VS/eCommerce-Site_Generic-Image_Access-Control-Hardware-and-Accessories_070720.jpg
AC-FP-CARD-PSC-1-H,Farpointe PSC-1-H card,Accessories,Farpointe PSC-1-H card; clamshell; custom programmed; H10301 26-Bit format; pack of 100,320,158,http://avoweb1.s3-us-west-2.amazonaws.com/Prod/VS/eCommerce-Site_Generic-Image_Access-Control-Hardware-and-Accessories_070720.jpg
AC-FP-CARD-PSI-4-H,Farpointe PSI-4-H card,Accessories,Farpointe PSI-4-H card; slot punch; custom programmed; ISO thin printable; H10301 26-Bit format; pack of 100,530,141,http://avoweb1.s3-us-west-2.amazonaws.com/Prod/VS/eCommerce-Site_Generic-Image_Access-Control-Hardware-and-Accessories_070720.jpg
AC-FP-CARD-PSM-2P-H,Farpointe PSM-2P-H card,Accessories,Farpointe PSM-2P-H card; custom programmed; ISO thin printable; dual technology; H10301 26-Bit format; pack of 100,740,115,http://avoweb1.s3-us-west-2.amazonaws.com/Prod/VS/eCommerce-Site_Generic-Image_Access-Control-Hardware-and-Accessories_070720.jpg
AC-FP-CARD-PSM-2S-H,Farpointe PSM-2S-H card,Accessories,Farpointe PSM-2S-H card; custom programmed; ISO thin printable; dual technology; with magnetic stripe; H10301 26-Bit format; pack of 100,800,160,http://avoweb1.s3-us-west-2.amazonaws.com/Prod/VS/eCommerce-Site_Generic-Image_Access-Control-Hardware-and-Accessories_070720.jpg
AC-FP-CONEKT-CMC-2-25,Conekt CMC-2 mobile credential,Accessories,Farpointe Conekt mobile credential; custom programmed; pack of 25,180,141,http://avoweb1.s3-us-west-2.amazonaws.com/Prod/ACM/Farpointe-Conekt-Mobile-Credential_08172021.jpg
AC-FP-FOB-CSK-2,Farpointe CSK-2 FOB,Accessories,Farpointe CSK-2 smartcard key fob; custom programmed; pack of 100,740,87,http://avoweb1.s3-us-west-2.amazonaws.com/Prod/VS/eCommerce-Site_Generic-Image_Access-Control-Hardware-and-Accessories_070720.jpg
AC-FP-FOB-DK1-3,Farpointe DK1-3 FOB,Accessories,Farpointe DK1-3 smartcard key fob; custom programmed; pack of 100,740,104,http://avoweb1.s3-us-west-2.amazonaws.com/Prod/VS/eCommerce-Site_Generic-Image_Access-Control-Hardware-and-Accessories_070720.jpg
AC-FP-FOB-DK4-3,Farpointe DK4-3 FOB,Accessories,Farpointe DK4-3 smartcard key fob; custom programmed; pack of 100,740,117,http://avoweb1.s3-us-west-2.amazonaws.com/Prod/VS/eCommerce-Site_Generic-Image_Access-Control-Hardware-and-Accessories_070720.jpg
AC-FP-TAG-PDT-1-H,Farpointe PDT-1-H disk transmitter,Accessories,Farpointe PDT-1-H disk transmitter tag; proximity; custom programmed; adhesive back; H10301 26-Bit format; pack of 25,160,155,http://avoweb1.s3-us-west-2.amazonaws.com/Prod/VS/eCommerce-Site_Generic-Image_Access-Control-Hardware-and-Accessories_070720.jpg
AC-FP-TAG-PSK-3-H,Farpointe PSK-3-H key tag,Accessories,Farpointe PSK-3-H key tag; custom programmed; H10301 26-Bit format; pack of 100,620,104,http://avoweb1.s3-us-west-2.amazonaws.com/Prod/VS/eCommerce-Site_Generic-Image_Access-Control-Hardware-and-Accessories_070720.jpg
AC-FP-TRANS-LONG-RANGE-WRT-2+D2,Farpointe WRT-2+D2 transmitter,Accessories,Farpointe WRT-2+D2 long range transmitter; custom programmed; dual button; with integrated DESFire EV1 smartcard; pack of 10,250,159,http://avoweb1.s3-us-west-2.amazonaws.com/Prod/ACM/Farpointe-Ranger-Transmitter_08172021.jpg
AC-FP-TRANS-LONG-RANGE-WRT-2+S1,Farpointe WRT-2+S1 transmitter,Accessories,Farpointe WRT-2+S1 long range transmitter; custom programmed; dual button; with integrated smartcard; pack of 10,250,157,http://avoweb1.s3-us-west-2.amazonaws.com/Prod/ACM/Farpointe-Ranger-Transmitter_08172021.jpg
AC-FP-TRANS-LONG-RANGE-WRT-2+S4,Farpointe WRT-2+S4 transmitter,Accessories,Farpointe WRT-2+S4 long range transmitter; custom programmed; dual button; with integrated smartcard; pack of 10,250,152,http://avoweb1.s3-us-west-2.amazonaws.com/Prod/ACM/Farpointe-Ranger-Transmitter_08172021.jpg
AC-FP-TRANS-LONG-RANGE-WRT-2M,Farpointe WRT-2M transmitter,Accessories,Farpointe WRT-2M long range transmitter; custom programmed; dual button; with integrated mobile credential; pack of 10,250,79,http://avoweb1.s3-us-west-2.amazonaws.com/Prod/ACM/Farpointe-Ranger-Transmitter_08172021.jpg
AC-FP-TRANS-LONG-RANGE-WRT-4+S4,Farpointe WRT-4+S4 transmitter,Accessories,Farpointe WRT-4+S4 long range transmitter; custom programmed; four button; with integrated smartcard; pack of 10,260,147,http://avoweb1.s3-us-west-2.amazonaws.com/Prod/ACM/Farpointe-Ranger-Transmitter_08172021.jpg
AC-FP-TRANS-LONG-RANGE-WRT-4+SI,Farpointe WRT-4+SI transmitter,Accessories,Farpointe WRT-4+SI long range transmitter; custom programmed; four button; with integrated smartcard; pack of 10,260,151,http://avoweb1.s3-us-west-2.amazonaws.com/Prod/ACM/Farpointe-Ranger-Transmitter_08172021.jpg
AC-FP-TRANS-WRT-2+H,Farpointe WRT-2+H transmitter,Accessories,Farpointe WRT-2+H long range transmitter; custom programmed; dual button; with integrated proximity card; H10301 26-Bit format; pack of 10,250,91,http://avoweb1.s3-us-west-2.amazonaws.com/Prod/ACM/Farpointe-Ranger-Transmitter_08172021.jpg
AC-FP-TRANS-WRT-4+H,Farpointe WRT-4+H transmitter,Accessories,Farpointe WRT-4+H long range transmitter; custom programmed; four button; with integrated proximity card; H10301 26-Bit format; pack of 10,260,138,http://avoweb1.s3-us-west-2.amazonaws.com/Prod/ACM/Farpointe-Ranger-Transmitter_08172021.jpg
AC-HID-CARD-402221B,HID 402221B card,Accessories,HID custom formatted; pack of 100,530,163,http://avoweb1.s3-us-west-2.amazonaws.com/Prod/VS/eCommerce-Site_Generic-Image_Access-Control-Hardware-and-Accessories_070720.jpg
AC-HID-CORP1K-MC-1000,HID Corporate 1000 configuration fee,Accessories,HID Corporate 1000 configuration fee; first 1000 cards,530,101,http://avoweb1.s3-us-west-2.amazonaws.com/Prod/VS/eCommerce-Site_Generic-Image_Access-Control-Hardware-and-Accessories_070720.jpg
AC-HID-MOB-MID-SUB-T103,HID Mobile IDs subscription tier 3,Accessories,HID Mobile IDs subscription; tier 3 (100 to 499 licenses); annual; per user,9.15,90,http://avoweb1.s3-us-west-2.amazonaws.com/Prod/ACM/HID-Mobile-Credential_08172021.jpg
AC-HID-CARD-DUOPROXII-CL,HID DuoProx II 125 kHz Proximity card,Accessories,HID DuoProx II 125 kHz Proximity card with magnetic stripe; blank; custom formatted; pack of 100,1040,129,http://avoweb1.s3-us-west-2.amazonaws.com/Prod/VS/eCommerce-Site_Generic-Image_Access-Control-Hardware-and-Accessories_070720.jpg
AC-HID-CARD-ICLASS-2000,HID iClass Smartcard 2000,Accessories,HID iCLASS Smartcard 2000; ISO thin printable; 2k bit with 2 application areas; custom formatted; pack of 100,680,118,http://avoweb1.s3-us-west-2.amazonaws.com/Prod/VS/eCommerce-Site_Generic-Image_Access-Control-Hardware-and-Accessories_070720.jpg
AC-HID-CARD-ICLASS-2002,HID iClass Smartcard 2002,Accessories,HID iCLASS Smartcard 2002; ISO thin printable; 16k bit with 16 application areas; custom formatted; pack of 100,810,104,http://avoweb1.s3-us-west-2.amazonaws.com/Prod/VS/eCommerce-Site_Generic-Image_Access-Control-Hardware-and-Accessories_070720.jpg
AC-HID-CARD-ICLASS-2004,HID iClass Smartcard 2004,Accessories,HID iCLASS Smartcard 2004; ISO thin printable; 32k bit (16k/2+16k/1) with 16 application areas; custom formatted; pack of 100,890,151,http://avoweb1.s3-us-west-2.amazonaws.com/Prod/VS/eCommerce-Site_Generic-Image_Access-Control-Hardware-and-Accessories_070720.jpg
AC-HID-CARD-ICLASS-2050,HID iClass Key fob 2050,Accessories,HID iCLASS Key fob 2050; 2k bit with 2 application areas; custom formatted; pack of 100,1130,158,http://avoweb1.s3-us-west-2.amazonaws.com/Prod/VS/eCommerce-Site_Generic-Image_Access-Control-Hardware-and-Accessories_070720.jpg
AC-HID-CARD-ICLASS-2080,HID iClass Clamshell card 2080,Accessories,HID iCLASS Clamshell card 2080; 2k bit with 2 application areas; custom formatted; pack of 100,530,141,http://avoweb1.s3-us-west-2.amazonaws.com/Prod/VS/eCommerce-Site_Generic-Image_Access-Control-Hardware-and-Accessories_070720.jpg
AC-HID-CARD-ICLASS-SE-3000,HID iClass SE Smartcard 3000,Accessories,HID iCLASS SE Smartcard 3000; ISO thin printable; 2k bit with 2 application areas; custom formatted; pack of 100,680,115,http://avoweb1.s3-us-west-2.amazonaws.com/Prod/VS/eCommerce-Site_Generic-Image_Access-Control-Hardware-and-Accessories_070720.jpg
AC-HID-CARD-ICLASS-SE-3000-AVG,HID iClass SE Smartcard 3000-AVG,Accessories,HID iCLASS SE Smartcard 3000; ISO thin printable; 2k bit with 2 application areas; customized formatting; pack of 100,680,160,http://avoweb1.s3-us-west-2.amazonaws.com/Prod/VS/eCommerce-Site_Generic-Image_Access-Control-Hardware-and-Accessories_070720.jpg
AC-HID-CARD-ICLASS-SE-3002,HID iClass SE Smartcard 3002,Accessories,HID iCLASS SE Smartcard 3002; ISO thin printable; 16k bit with 16 application areas; custom formatted; pack of 100,810,141,http://avoweb1.s3-us-west-2.amazonaws.com/Prod/VS/eCommerce-Site_Generic-Image_Access-Control-Hardware-and-Accessories_070720.jpg
AC-HID-CARD-ICLASS-SE-3004,HID iClass SE Smartcard 3004,Accessories,HID iCLASS SE Smartcard 3004; ISO thin printable; 32k bit (16k/2+16k/1) with 16 application areas; custom formatted; pack of 100,890,87,http://avoweb1.s3-us-west-2.amazonaws.com/Prod/VS/eCommerce-Site_Generic-Image_Access-Control-Hardware-and-Accessories_070720.jpg
AC-HID-CARD-ICLASS-SR-2080,HID iClass SR Clamshell card 2080,Accessories,HID iCLASS SR Clamshell card 2080; 2k bit; custom formatted; pack of 100,530,104,http://avoweb1.s3-us-west-2.amazonaws.com/Prod/VS/eCommerce-Site_Generic-Image_Access-Control-Hardware-and-Accessories_070720.jpg
AC-HID-CARD-ISOPROXII-GRPH,HID ISOProx II 125 kHz Proximity card,Accessories,HID ISOProx II 125 kHz Proximity card; blank; printable; custom formatted; pack of 100,740,117,http://avoweb1.s3-us-west-2.amazonaws.com/Prod/VS/eCommerce-Site_Generic-Image_Access-Control-Hardware-and-Accessories_070720.jpg
AC-HID-CARD-PROXCARDII-CL,HID ProxCard II 125 kHz Clamshell card,Accessories,HID ProxCard II 125 kHz Clamshell card; vertical slot punch; custom formatted; pack of 100,530,155,http://avoweb1.s3-us-west-2.amazonaws.com/Prod/VS/eCommerce-Site_Generic-Image_Access-Control-Hardware-and-Accessories_070720.jpg
AC-HID-CARD-SEOS-5006PGCMN-AVG,HID Seos Smartcard 5006-AVG,Accessories,HID Seos Smartcard 5006; customized formatting; pack of 100,900,104,http://avoweb1.s3-us-west-2.amazonaws.com/Prod/VS/eCommerce-Site_Generic-Image_Access-Control-Hardware-and-Accessories_070720.jpg
AC-HID-ELITE-FEE-MC-0036,HID Elite configuration fee,Accessories,HID Elite configuration fee; first 1000 cards,530,159,http://avoweb1.s3-us-west-2.amazonaws.com/Prod/VS/eCommerce-Site_Generic-Image_Access-Control-Hardware-and-Accessories_070720.jpg
AC-HID-FOB-ICLASS-3250PNNMN-AVG,HID iClass Key fob 3250-AVG,Accessories,HID iCLASS Key fob 3250; customized formatting; pack of 100,1130,157,http://avoweb1.s3-us-west-2.amazonaws.com/Prod/VS/eCommerce-Site_Generic-Image_Access-Control-Hardware-and-Accessories_070720.jpg
AC-HID-FOB-PROXKEYIII-CL,HID ProxKey III 125 kHz proximity key fob,Accessories,HID ProxKey III 125 kHz proximity key fob; custom formatted; pack of 100,1130,152,http://avoweb1.s3-us-west-2.amazonaws.com/Prod/VS/eCommerce-Site_Generic-Image_Access-Control-Hardware-and-Accessories_070720.jpg
AC-HID-FOB-SEOS-5266PNNA-AVG,HID Seos Key fob 5266-AVG,Accessories,HID Seos Key fob 5266; customized formatting; pack of 100,1350,79,http://avoweb1.s3-us-west-2.amazonaws.com/Prod/VS/eCommerce-Site_Generic-Image_Access-Control-Hardware-and-Accessories_070720.jpg
AC-HID-MOB-MID-SUB-CRD,HID Mobile IDs subscription cred,Accessories,HID Mobile IDs subscription credit; annual; per user,10.2,147,http://avoweb1.s3-us-west-2.amazonaws.com/Prod/ACM/HID-Mobile-Credential_08172021.jpg
AC-HID-MOB-MID-SUB-T100,HID Mobile IDs subscription tier 1,Accessories,HID Mobile IDs subscription; tier 1 (20 to 49 licenses); annual; per user,11.52,151,http://avoweb1.s3-us-west-2.amazonaws.com/Prod/ACM/HID-Mobile-Credential_08172021.jpg
AC-HID-MOB-MID-SUB-T100-ADD,HID Mobile IDs subscription tier 1 add,Accessories,HID Mobile IDs subscription; tier 1 (20 to 49 licenses); annual; per user (add-on license),11.52,91,http://avoweb1.s3-us-west-2.amazonaws.com/Prod/ACM/HID-Mobile-Credential_08172021.jpg
AC-HID-TAG-MICROPROX-ADH,HID MicroProx 125 kHz proximity tag,Accessories,HID MicroProx 125 kHz proximity tag; adhesive back; custom formatted; pack of 100,1130,138,http://avoweb1.s3-us-west-2.amazonaws.com/Prod/VS/eCommerce-Site_Generic-Image_Access-Control-Hardware-and-Accessories_070720.jpg
AC-HID-TAG-PROXPASSII-VEH,HID ProxPass II active vehicle tag,Accessories,HID ProxPass II active vehicle tag; custom formatted; pack of 10,1210,163,http://avoweb1.s3-us-west-2.amazonaws.com/Prod/VS/eCommerce-Site_Generic-Image_Access-Control-Hardware-and-Accessories_070720.jpg
AC-STID-CARD-NONPROGRAMED-CCTW870,STid Architect non-programmed CCTW870 card,Accessories,Architect CCTW870 non-programmed card; MIFARE; PVC; blank printable; pack of 100,530,101,http://avoweb1.s3-us-west-2.amazonaws.com/Prod/VS/eCommerce-Site_Generic-Image_Access-Control-Hardware-and-Accessories_070720.jpg
AC-STID-CARD-NONPROGRAMED-CCTWR70_AP,STid non-programmed CCTWR70_AP card,Accessories,Non-programmed CCTWR70_AP card; customized formatting; pack of 100,740,90,http://avoweb1.s3-us-west-2.amazonaws.com/Prod/VS/eCommerce-Site_Generic-Image_Access-Control-Hardware-and-Accessories_070720.jpg
AC-STID-CARD-PREPROGRAMED-CCTW870MSI,STid pre-programmed CCTW870MSI card,Accessories,CCTW870MSI smartcard; pre-programmed; printable; pack of 100,600,129,http://avoweb1.s3-us-west-2.amazonaws.com/Prod/VS/eCommerce-Site_Generic-Image_Access-Control-Hardware-and-Accessories_070720.jpg
AC-STID-CREDENTIAL-CUSTOM,STid custom credential card,Accessories,Architect smartcard; custom printed; pack of 100,1150,118,http://avoweb1.s3-us-west-2.amazonaws.com/Prod/VS/eCommerce-Site_Generic-Image_Access-Control-Hardware-and-Accessories_070720.jpg
AC-STID-KEYFOB-NONPROGRAMED-PCGW871,STid Architect non-programmed PCGW871 fobs,Accessories,Architect PCGW871 non-programmed fobs; black; pack of 10,135,104,http://avoweb1.s3-us-west-2.amazonaws.com/Prod/ACM/STid-Architect-Reader-with-Keyfobs_08172021.jpg
AC-STID-KEYFOB-PREPROGRAMED-PCGW871MSI_AV,STid pre-programmed PCGW871MSI fobs,Accessories,PCGW871MSI key fobs; pre-programmed; black; pack of 100,1350,151,http://avoweb1.s3-us-west-2.amazonaws.com/Prod/ACM/STid-Architect-Reader-with-Keyfobs_08172021.jpg
AC-STID-MOBILE-CREDENTIAL-CREDIT-BLE-OFFLINE,STid Architect mobile credential BLE offline credits,Accessories,Architect mobile credential BLE offline credits; minimum order 100; pack of 100,480,158,http://avoweb1.s3-us-west-2.amazonaws.com/Prod/ACM/STid-Mobile-ID_08172021.jpg
AC-STID-MOBILE-CREDENTIAL-CREDIT-BLUE-ONL,STid mobile credential BLUE online credits,Accessories,Mobile credential BLUE online credits; pack of 100,480,141,http://avoweb1.s3-us-west-2.amazonaws.com/Prod/ACM/STid-Mobile-ID_08172021.jpg
AC-STID-MOBILE-CREDENTIAL-PRES-ADD-CREDIT,STid Architect mobile ID add credits,Accessories,Architect mobile ID add credits; minimum order 100; pack of 100,480,115,http://avoweb1.s3-us-west-2.amazonaws.com/Prod/ACM/STid-Mobile-ID_08172021.jpg
AC-STID-TAG-UHF-WINDSHIELD-ETA-W90B-574BE10,STid tag ETA-W90B-574BE10,Accessories,Architect windshield tag ETA-W90B-574BE10; pre-programmed; pack of 100,1350,160,http://avoweb1.s3-us-west-2.amazonaws.com/Prod/VS/eCommerce-Site_Generic-Image_Access-Control-Hardware-and-Accessories_070720.jpg
AC-STID-CARD-CCTW490,STid Architect CCTW490 card,Accessories,Architect CCTW490 card; ISO thin; printable; custom formatted; pack of 100,740,141,http://avoweb1.s3-us-west-2.amazonaws.com/Prod/VS/eCommerce-Site_Generic-Image_Access-Control-Hardware-and-Accessories_070720.jpg
AC-LSP-16DR-MER,Accessories 16DR-MER,Accessories,16DR-MER controller,1830,87,https://avoweb1.s3-us-west-2.amazonaws.com/Prod/PRODUCT%20MARKETING/Alta%20Video/Avigilon_Generic_500x500_1.png
AC-LSP-16DR-MER-LCK,Accessories 16DR-MER-LCK,Accessories,16DR-MER-LCK controller,2190,104,https://avoweb1.s3-us-west-2.amazonaws.com/Prod/PRODUCT%20MARKETING/Alta%20Video/Avigilon_Generic_500x500_1.png
AC-LSP-2DR-MER,Accessories 2DR-MER,Accessories,2DR-MER controller,1030,117,https://avoweb1.s3-us-west-2.amazonaws.com/Prod/PRODUCT%20MARKETING/Alta%20Video/Avigilon_Generic_500x500_1.png
AC-LSP-2DR-MER-LCK,Accessories 2DR-MER-LCK,Accessories,2DR-MER-LCK controller,1240,155,https://avoweb1.s3-us-west-2.amazonaws.com/Prod/PRODUCT%20MARKETING/Alta%20Video/Avigilon_Generic_500x500_1.png
AC-LSP-4DR-MER,Accessories 4DR-MER,Accessories,4DR-MER controller,1310,104,https://avoweb1.s3-us-west-2.amazonaws.com/Prod/PRODUCT%20MARKETING/Alta%20Video/Avigilon_Generic_500x500_1.png
AC-LSP-4DR-MER-LCK,Accessories 4DR-MER-LCK,Accessories,4DR-MER-LCK controller,1530,159,https://avoweb1.s3-us-west-2.amazonaws.com/Prod/PRODUCT%20MARKETING/Alta%20Video/Avigilon_Generic_500x500_1.png
AC-LSP-8DR-MER,Accessories 8DR-MER,Accessories,8DR-MER controller,1520,157,https://avoweb1.s3-us-west-2.amazonaws.com/Prod/PRODUCT%20MARKETING/Alta%20Video/Avigilon_Generic_500x500_1.png
AC-LSP-8DR-MER-LCK,Accessories 8DR-MER-LCK,Accessories,8DR-MER-LCK controller,1740,152,https://avoweb1.s3-us-west-2.amazonaws.com/Prod/PRODUCT%20MARKETING/Alta%20Video/Avigilon_Generic_500x500_1.png
AC-LSP-B100,Accessories B100,Accessories,B100 enclosure,194,79,https://avoweb1.s3-us-west-2.amazonaws.com/Prod/PRODUCT%20MARKETING/Alta%20Video/Avigilon_Generic_500x500_1.png
AC-LSP-C4,Accessories C4,Accessories,C4 enclosure,104,147,https://avoweb1.s3-us-west-2.amazonaws.com/Prod/PRODUCT%20MARKETING/Alta%20Video/Avigilon_Generic_500x500_1.png
AC-LSP-C8,Accessories C8,Accessories,C8 enclosure,114,151,https://avoweb1.s3-us-west-2.amazonaws.com/Prod/PRODUCT%20MARKETING/Alta%20Video/Avigilon_Generic_500x500_1.png
AC-LSP-D8P,Accessories D8P,Accessories,D8P enclosure,124,91,https://avoweb1.s3-us-west-2.amazonaws.com/Prod/PRODUCT%20MARKETING/Alta%20Video/Avigilon_Generic_500x500_1.png
AC-LSP-E1M,Accessories E1M,Accessories,E1M enclosure,104,138,https://avoweb1.s3-us-west-2.amazonaws.com/Prod/PRODUCT%20MARKETING/Alta%20Video/Avigilon_Generic_500x500_1.png
AC-LSP-E2-BOXED,Accessories E2-BOXED,Accessories,E2-BOXED enclosure,254,163,https://avoweb1.s3-us-west-2.amazonaws.com/Prod/PRODUCT%20MARKETING/Alta%20Video/Avigilon_Generic_500x500_1.png
AC-LSP-E2-BS1,Accessories E2-BS1,Accessories,E2-BS1 enclosure,364,101,https://avoweb1.s3-us-west-2.amazonaws.com/Prod/PRODUCT%20MARKETING/Alta%20Video/Avigilon_Generic_500x500_1.png
AC-LSP-E2M,Accessories E2M,Accessories,E2M enclosure,114,90,https://avoweb1.s3-us-west-2.amazonaws.com/Prod/PRODUCT%20MARKETING/Alta%20Video/Avigilon_Generic_500x500_1.png
AC-LSP-E4-3BS1,Accessories E4-3BS1,Accessories,E4-3BS1 enclosure,404,129,https://avoweb1.s3-us-west-2.amazonaws.com/Prod/PRODUCT%20MARKETING/Alta%20Video/Avigilon_Generic_500x500_1.png
AC-LSP-E4M,Accessories E4M,Accessories,E4M enclosure,134,118,https://avoweb1.s3-us-west-2.amazonaws.com/Prod/PRODUCT%20MARKETING/Alta%20Video/Avigilon_Generic_500x500_1.png
AC-LSP-E4M1,Accessories E4M1,Accessories,E4M1 enclosure,104,81,https://avoweb1.s3-us-west-2.amazonaws.com/Prod/PRODUCT%20MARKETING/Alta%20Video/Avigilon_Generic_500x500_1.png
